config.json	2394	otros	AccessType
hmi/src/services/opcua.ts	397	HMI	access_type
hmi/src/services/opcua.ts	426	HMI	access_type
hmi/src/services/opcua.ts	428	HMI	access_type
hmi/src/services/opcua.ts	431	HMI	access_type
hmi/src/pages/OpcUaServer.tsx	106	HMI	access_type
hmi/src/pages/OpcUaServer.tsx	113	HMI	access_type
hmi/src/pages/OpcUaServer.tsx	136	HMI	access_type
hmi/src/pages/OpcUaServer.tsx	180	HMI	access_type
hmi/src/pages/OpcUaServer.tsx	367	HMI	access_type
build/lib/automation/state_machine.py	2586	otros	access_type
build/lib/automation/state_machine.py	2589	otros	access_type
build/lib/automation/state_machine.py	2591	otros	access_type
build/lib/automation/state_machine.py	2595	otros	access_type
build/lib/automation/state_machine.py	2598	otros	access_type
build/lib/automation/state_machine.py	2600	otros	access_type
build/lib/automation/state_machine.py	2602	otros	AccessLevel
build/lib/automation/state_machine.py	2603	otros	AccessLevel
build/lib/automation/state_machine.py	2604	otros	AccessLevel
build/lib/automation/state_machine.py	2604	otros	UserAccessLevel
build/lib/automation/state_machine.py	2605	otros	AccessLevel
build/lib/automation/state_machine.py	2605	otros	UserAccessLevel
build/lib/automation/state_machine.py	2607	otros	access_type
build/lib/automation/state_machine.py	2609	otros	AccessLevel
build/lib/automation/state_machine.py	2610	otros	AccessLevel
build/lib/automation/state_machine.py	2610	otros	UserAccessLevel
build/lib/automation/state_machine.py	2615	otros	access_type
build/lib/automation/state_machine.py	2617	otros	AccessLevel
build/lib/automation/state_machine.py	2618	otros	AccessLevel
build/lib/automation/state_machine.py	2618	otros	UserAccessLevel
build/lib/automation/state_machine.py	2619	otros	access_type
build/lib/automation/state_machine.py	2621	otros	AccessLevel
build/lib/automation/state_machine.py	2622	otros	AccessLevel
build/lib/automation/state_machine.py	2623	otros	AccessLevel
build/lib/automation/state_machine.py	2623	otros	UserAccessLevel
build/lib/automation/state_machine.py	2624	otros	AccessLevel
build/lib/automation/state_machine.py	2624	otros	UserAccessLevel
build/lib/automation/core.py	2926	otros	access_type
build/lib/automation/core.py	2934	otros	access_type
build/lib/automation/core.py	2948	otros	access_type
build/lib/automation/core.py	2951	otros	access_type
build/lib/automation/core.py	2958	otros	access_type
build/lib/automation/core.py	2972	otros	access_type
build/lib/automation/core.py	3016	otros	access_type
build/lib/automation/core.py	3028	otros	access_type
build/lib/automation/core.py	3072	otros	access_level
build/lib/automation/core.py	3075	otros	AccessLevel
build/lib/automation/core.py	3075	otros	access_level
build/lib/automation/core.py	3076	otros	AccessLevel
build/lib/automation/core.py	3076	otros	access_level
build/lib/automation/core.py	3077	otros	access_type
build/lib/automation/core.py	3079	otros	access_type
build/lib/automation/core.py	3081	otros	access_type
build/lib/automation/core.py	3086	otros	access_type
build/lib/automation/core.py	3094	otros	access_level
build/lib/automation/core.py	3096	otros	AccessLevel
build/lib/automation/core.py	3096	otros	access_level
build/lib/automation/core.py	3097	otros	AccessLevel
build/lib/automation/core.py	3097	otros	access_level
build/lib/automation/core.py	3098	otros	access_type
build/lib/automation/core.py	3100	otros	access_type
build/lib/automation/core.py	3102	otros	access_type
build/lib/automation/core.py	3107	otros	access_type
build/lib/automation/core.py	3113	otros	access_type
build/lib/automation/core.py	3114	otros	access_type
build/lib/automation/core.py	3124	otros	access_type
build/lib/automation/core.py	3138	otros	access_type
build/lib/automation/core.py	3181	otros	access_type
build/lib/automation/core.py	3182	otros	access_type
build/lib/automation/core.py	3184	otros	access_type
build/lib/automation/core.py	3189	otros	access_type
build/lib/automation/core.py	3200	otros	access_type
build/lib/automation/core.py	3206	otros	AccessLevel
build/lib/automation/core.py	3207	otros	AccessLevel
build/lib/automation/core.py	3208	otros	AccessLevel
build/lib/automation/core.py	3208	otros	UserAccessLevel
build/lib/automation/core.py	3209	otros	AccessLevel
build/lib/automation/core.py	3209	otros	UserAccessLevel
build/lib/automation/core.py	3220	otros	AccessLevel
build/lib/automation/core.py	3221	otros	AccessLevel
build/lib/automation/core.py	3221	otros	UserAccessLevel
build/lib/automation/core.py	3228	otros	AccessLevel
build/lib/automation/core.py	3229	otros	AccessLevel
build/lib/automation/core.py	3229	otros	UserAccessLevel
build/lib/automation/core.py	3232	otros	AccessLevel
build/lib/automation/core.py	3233	otros	AccessLevel
build/lib/automation/core.py	3234	otros	AccessLevel
build/lib/automation/core.py	3234	otros	UserAccessLevel
build/lib/automation/core.py	3235	otros	AccessLevel
build/lib/automation/core.py	3235	otros	UserAccessLevel
build/lib/automation/core.py	3241	otros	access_type
build/lib/automation/core.py	6955	otros	AccessType
build/lib/automation/core.py	6982	otros	AccessType
build/lib/automation/core.py	7024	otros	AccessType
build/lib/automation/core.py	7049	otros	AccessType
build/lib/automation/core.py	7075	otros	AccessType
build/lib/automation/core.py	7454	otros	AccessType
build/lib/automation/core.py	7455	otros	AccessType
build/lib/automation/core.py	7456	otros	AccessType
build/lib/automation/core.py	7458	otros	AccessType
build/lib/automation/core.py	7459	otros	AccessType
build/lib/automation/core.py	7460	otros	AccessType
build/lib/automation/core.py	7461	otros	AccessType
build/lib/automation/core.py	7463	otros	AccessType
build/lib/automation/core.py	7464	otros	AccessType
build/lib/automation/core.py	7466	otros	AccessType
build/lib/automation/core.py	7468	otros	AccessType
build/lib/automation/core.py	7473	otros	access_type
build/lib/automation/core.py	7478	otros	access_type
build/lib/automation/core.py	7483	otros	access_type
build/lib/automation/catalog/mutations.py	352	otros	access_type
build/lib/automation/catalog/mutations.py	362	otros	access_type
build/lib/automation/catalog/mutations.py	381	otros	access_type
build/lib/automation/catalog/mutations.py	386	otros	access_type
build/lib/automation/catalog/mutations.py	389	otros	access_type
build/lib/automation/catalog/mutations.py	396	otros	access_type
build/lib/automation/catalog/mutations.py	405	otros	access_type
build/lib/automation/catalog/mutations.py	409	otros	access_type
build/lib/automation/catalog/mutations.py	412	otros	access_type
build/lib/automation/catalog/identity.py	49	otros	access_type
build/lib/automation/catalog/schema.py	102	otros	AccessType
build/lib/automation/catalog/schema.py	132	otros	AccessType
build/lib/automation/hmi/assets/index-B4SW6B19.js	138	otros	access_type
build/lib/automation/hmi/assets/index-B4SW6B19.js	139	otros	access_type
build/lib/automation/hmi/assets/index-B4SW6B19.js	141	otros	access_type
build/lib/automation/modules/settings/resources/settings.py	188	otros	AccessType
build/lib/automation/modules/opcua/resources/server.py	24	otros	access_type
build/lib/automation/modules/opcua/resources/server.py	47	otros	access_type
build/lib/automation/modules/opcua/resources/server.py	75	otros	access_type
build/lib/automation/modules/opcua/resources/server.py	79	otros	access_type
build/lib/automation/modules/opcua/resources/server.py	89	otros	access_type
build/lib/automation/modules/opcua/resources/server.py	97	otros	access_type
build/lib/automation/modules/opcua/resources/server.py	99	otros	access_type
build/lib/automation/modules/opcua/resources/server.py	102	otros	access_type
build/lib/automation/modules/opcua/resources/server.py	104	otros	access_type
build/lib/automation/modules/opcua/resources/server.py	110	otros	access_type
build/lib/automation/modules/opcua/resources/server.py	118	otros	access_type
build/lib/automation/opcua/models.py	555	otros	access_level
build/lib/automation/opcua/models.py	801	otros	UserAccessLevel
build/lib/automation/pages/components/opcua_server.py	19	wire	access_type
build/lib/automation/pages/components/opcua_server.py	28	wire	access_type
build/lib/automation/pages/callbacks/opcua_server.py	32	wire	access_level
build/lib/automation/pages/callbacks/opcua_server.py	34	wire	AccessLevel
build/lib/automation/pages/callbacks/opcua_server.py	34	wire	access_level
build/lib/automation/pages/callbacks/opcua_server.py	35	wire	AccessLevel
build/lib/automation/pages/callbacks/opcua_server.py	35	wire	access_level
build/lib/automation/pages/callbacks/opcua_server.py	36	wire	access_type
build/lib/automation/pages/callbacks/opcua_server.py	39	wire	access_type
build/lib/automation/pages/callbacks/opcua_server.py	43	wire	access_type
build/lib/automation/pages/callbacks/opcua_server.py	48	wire	access_type
build/lib/automation/pages/callbacks/opcua_server.py	56	wire	access_level
build/lib/automation/pages/callbacks/opcua_server.py	58	wire	AccessLevel
build/lib/automation/pages/callbacks/opcua_server.py	58	wire	access_level
build/lib/automation/pages/callbacks/opcua_server.py	59	wire	AccessLevel
build/lib/automation/pages/callbacks/opcua_server.py	59	wire	access_level
build/lib/automation/pages/callbacks/opcua_server.py	60	wire	access_type
build/lib/automation/pages/callbacks/opcua_server.py	63	wire	access_type
build/lib/automation/pages/callbacks/opcua_server.py	67	wire	access_type
build/lib/automation/pages/callbacks/opcua_server.py	72	wire	access_type
build/lib/automation/pages/callbacks/opcua_server.py	118	wire	access_type
build/lib/automation/pages/callbacks/opcua_server.py	157	wire	access_type
build/lib/automation/pages/callbacks/opcua_server.py	195	wire	access_type
build/lib/automation/pages/callbacks/opcua_server.py	197	wire	access_type
build/lib/automation/pages/callbacks/opcua_server.py	198	wire	access_type
build/lib/automation/pages/callbacks/opcua_server.py	200	wire	AccessLevel
build/lib/automation/pages/callbacks/opcua_server.py	201	wire	AccessLevel
build/lib/automation/pages/callbacks/opcua_server.py	202	wire	AccessLevel
build/lib/automation/pages/callbacks/opcua_server.py	202	wire	UserAccessLevel
build/lib/automation/pages/callbacks/opcua_server.py	203	wire	AccessLevel
build/lib/automation/pages/callbacks/opcua_server.py	203	wire	UserAccessLevel
build/lib/automation/pages/callbacks/opcua_server.py	213	wire	access_type
build/lib/automation/pages/callbacks/opcua_server.py	215	wire	AccessLevel
build/lib/automation/pages/callbacks/opcua_server.py	216	wire	AccessLevel
build/lib/automation/pages/callbacks/opcua_server.py	216	wire	UserAccessLevel
build/lib/automation/pages/callbacks/opcua_server.py	220	wire	access_type
build/lib/automation/pages/callbacks/opcua_server.py	222	wire	AccessLevel
build/lib/automation/pages/callbacks/opcua_server.py	223	wire	AccessLevel
build/lib/automation/pages/callbacks/opcua_server.py	223	wire	UserAccessLevel
build/lib/automation/pages/callbacks/opcua_server.py	224	wire	access_type
build/lib/automation/pages/callbacks/opcua_server.py	226	wire	AccessLevel
build/lib/automation/pages/callbacks/opcua_server.py	227	wire	AccessLevel
build/lib/automation/pages/callbacks/opcua_server.py	228	wire	AccessLevel
build/lib/automation/pages/callbacks/opcua_server.py	228	wire	UserAccessLevel
build/lib/automation/pages/callbacks/opcua_server.py	229	wire	AccessLevel
build/lib/automation/pages/callbacks/opcua_server.py	229	wire	UserAccessLevel
build/lib/automation/logger/opcua_server.py	26	wire	access_type
build/lib/automation/logger/opcua_server.py	35	wire	access_type
build/lib/automation/logger/opcua_server.py	42	wire	access_type
build/lib/automation/logger/opcua_server.py	55	wire	access_type
build/lib/automation/logger/opcua_server.py	66	wire	access_type
build/lib/automation/logger/opcua_server.py	79	wire	access_type
build/lib/automation/logger/opcua_server.py	87	wire	access_type
build/lib/automation/logger/opcua_server.py	98	wire	access_type
build/lib/automation/logger/opcua_server.py	108	wire	access_type
build/lib/automation/logger/opcua_server.py	110	wire	access_type
build/lib/automation/logger/opcua_server.py	184	wire	access_type
build/lib/automation/logger/opcua_server.py	194	wire	access_type
build/lib/automation/logger/opcua_server.py	201	wire	access_type
build/lib/automation/logger/opcua_server.py	210	wire	access_type
build/lib/automation/managers/db.py	47	otros	AccessType
build/lib/automation/managers/db.py	105	otros	AccessType
build/lib/automation/tests/test_opcua_serialization.py	52	tests	access_type
build/lib/automation/tests/test_opcua_serialization.py	56	tests	access_type
build/lib/automation/tests/test_opcua_serialization.py	57	tests	access_type
build/lib/automation/tests/test_catalog_sqlite.py	588	tests	access_type
build/lib/automation/tests/test_catalog_sqlite.py	589	tests	access_type
build/lib/automation/tests/test_catalog_sqlite.py	591	tests	access_type
build/lib/automation/tests/test_opcua_server_dynamic_tags.py	11	tests	access_type
build/lib/automation/tests/test_opcua_server_dynamic_tags.py	12	tests	access_type
build/lib/automation/tests/test_opcua_server_dynamic_tags.py	20	tests	access_type
build/lib/automation/tests/test_opcua_server_dynamic_tags.py	21	tests	access_type
build/lib/automation/tests/test_opcua_server_dynamic_tags.py	28	tests	access_type
build/lib/automation/dbmodels/__init__.py	25	otros	AccessType
build/lib/automation/dbmodels/opcua_server.py	4	wire	AccessType
build/lib/automation/dbmodels/opcua_server.py	22	wire	AccessType
build/lib/automation/dbmodels/opcua_server.py	79	wire	AccessType
build/lib/automation/dbmodels/opcua_server.py	79	wire	access_type
build/lib/automation/dbmodels/opcua_server.py	82	wire	access_type
build/lib/automation/dbmodels/opcua_server.py	90	wire	access_type
build/lib/automation/dbmodels/opcua_server.py	100	wire	AccessType
build/lib/automation/dbmodels/opcua_server.py	100	wire	access_type
build/lib/automation/dbmodels/opcua_server.py	101	wire	AccessType
build/lib/automation/dbmodels/opcua_server.py	101	wire	access_type
build/lib/automation/dbmodels/opcua_server.py	103	wire	AccessType
build/lib/automation/dbmodels/opcua_server.py	103	wire	access_type
build/lib/automation/dbmodels/opcua_server.py	110	wire	access_type
build/lib/automation/dbmodels/opcua_server.py	169	wire	access_type
build/lib/automation/dbmodels/opcua_server.py	176	wire	access_type
build/lib/automation/dbmodels/opcua_server.py	182	wire	AccessType
build/lib/automation/dbmodels/opcua_server.py	182	wire	access_type
build/lib/automation/dbmodels/opcua_server.py	183	wire	AccessType
build/lib/automation/dbmodels/opcua_server.py	183	wire	access_type
build/lib/automation/dbmodels/opcua_server.py	185	wire	AccessType
build/lib/automation/dbmodels/opcua_server.py	185	wire	access_type
build/lib/automation/dbmodels/opcua_server.py	189	wire	access_type
build/lib/automation/dbmodels/opcua_server.py	197	wire	access_type
build/lib/automation/dbmodels/opcua_server.py	201	wire	access_type
build/lib/automation/dbmodels/opcua_server.py	212	wire	access_type
specs/01-MULTI-EDGE-ARCHITECTURE.md	331	docs	AccessType
automation/core.py	2958	codigo	access_type
automation/core.py	2966	codigo	access_type
automation/core.py	2980	codigo	access_type
automation/core.py	2983	codigo	access_type
automation/core.py	2990	codigo	access_type
automation/core.py	3004	codigo	access_type
automation/core.py	3048	codigo	access_type
automation/core.py	3060	codigo	access_type
automation/core.py	3108	codigo	access_level
automation/core.py	3111	codigo	AccessLevel
automation/core.py	3111	codigo	access_level
automation/core.py	3112	codigo	AccessLevel
automation/core.py	3112	codigo	access_level
automation/core.py	3113	codigo	access_type
automation/core.py	3115	codigo	access_type
automation/core.py	3117	codigo	access_type
automation/core.py	3122	codigo	access_type
automation/core.py	3130	codigo	access_level
automation/core.py	3132	codigo	AccessLevel
automation/core.py	3132	codigo	access_level
automation/core.py	3133	codigo	AccessLevel
automation/core.py	3133	codigo	access_level
automation/core.py	3134	codigo	access_type
automation/core.py	3136	codigo	access_type
automation/core.py	3138	codigo	access_type
automation/core.py	3143	codigo	access_type
automation/core.py	3149	codigo	access_type
automation/core.py	3150	codigo	access_type
automation/core.py	3160	codigo	access_type
automation/core.py	3174	codigo	access_type
automation/core.py	3220	codigo	access_type
automation/core.py	3221	codigo	access_type
automation/core.py	3223	codigo	access_type
automation/core.py	3228	codigo	access_type
automation/core.py	3239	codigo	access_type
automation/core.py	3243	codigo	access_type
automation/core.py	3244	codigo	access_type
automation/core.py	3250	codigo	AccessLevel
automation/core.py	3251	codigo	AccessLevel
automation/core.py	3252	codigo	AccessLevel
automation/core.py	3252	codigo	UserAccessLevel
automation/core.py	3253	codigo	AccessLevel
automation/core.py	3253	codigo	UserAccessLevel
automation/core.py	3264	codigo	AccessLevel
automation/core.py	3265	codigo	AccessLevel
automation/core.py	3265	codigo	UserAccessLevel
automation/core.py	3272	codigo	AccessLevel
automation/core.py	3273	codigo	AccessLevel
automation/core.py	3273	codigo	UserAccessLevel
automation/core.py	3276	codigo	AccessLevel
automation/core.py	3277	codigo	AccessLevel
automation/core.py	3278	codigo	AccessLevel
automation/core.py	3278	codigo	UserAccessLevel
automation/core.py	3279	codigo	AccessLevel
automation/core.py	3279	codigo	UserAccessLevel
automation/core.py	3285	codigo	access_type
automation/core.py	7014	codigo	AccessType
automation/core.py	7041	codigo	AccessType
automation/core.py	7083	codigo	AccessType
automation/core.py	7108	codigo	AccessType
automation/core.py	7134	codigo	AccessType
automation/core.py	7513	codigo	AccessType
automation/core.py	7514	codigo	AccessType
automation/core.py	7515	codigo	AccessType
automation/core.py	7517	codigo	AccessType
automation/core.py	7518	codigo	AccessType
automation/core.py	7519	codigo	AccessType
automation/core.py	7520	codigo	AccessType
automation/core.py	7522	codigo	AccessType
automation/core.py	7523	codigo	AccessType
automation/core.py	7525	codigo	AccessType
automation/core.py	7527	codigo	AccessType
automation/core.py	7532	codigo	access_type
automation/core.py	7537	codigo	access_type
automation/core.py	7542	codigo	access_type
automation/catalog/mutations.py	352	codigo	access_type
automation/catalog/mutations.py	362	codigo	access_type
automation/catalog/mutations.py	381	codigo	access_type
automation/catalog/mutations.py	386	codigo	access_type
automation/catalog/mutations.py	389	codigo	access_type
automation/catalog/mutations.py	396	codigo	access_type
automation/catalog/mutations.py	405	codigo	access_type
automation/catalog/mutations.py	409	codigo	access_type
automation/catalog/mutations.py	412	codigo	access_type
automation/catalog/identity.py	49	codigo	access_type
automation/catalog/schema.py	102	codigo	AccessType
automation/catalog/schema.py	132	codigo	AccessType
automation/opcua_server/facade.py	188	wire	access_type
automation/opcua_server/facade.py	190	wire	access_type
automation/opcua_server/listing.py	10	wire	access_level
automation/opcua_server/listing.py	13	wire	AccessLevel
automation/opcua_server/listing.py	13	wire	access_level
automation/opcua_server/listing.py	14	wire	AccessLevel
automation/opcua_server/listing.py	14	wire	access_level
automation/opcua_server/listing.py	47	wire	access_type
automation/opcua_server/listing.py	53	wire	access_type
automation/opcua_server/access.py	1	wire	AccessType
automation/opcua_server/access.py	17	wire	access_type
automation/opcua_server/access.py	22	wire	access_type
automation/opcua_server/access.py	37	wire	access_type
automation/opcua_server/access.py	39	wire	access_type
automation/opcua_server/access.py	42	wire	AccessType
automation/opcua_server/access.py	80	wire	access_type
automation/opcua_server/access.py	84	wire	access_type
automation/opcua_server/access.py	85	wire	AccessLevel
automation/opcua_server/access.py	86	wire	AccessLevel
automation/opcua_server/access.py	87	wire	AccessLevel
automation/opcua_server/access.py	87	wire	UserAccessLevel
automation/opcua_server/access.py	88	wire	AccessLevel
automation/opcua_server/access.py	88	wire	UserAccessLevel
automation/opcua_server/access.py	90	wire	AccessLevel
automation/opcua_server/access.py	91	wire	AccessLevel
automation/opcua_server/access.py	91	wire	UserAccessLevel
automation/opcua_server/access.py	93	wire	AccessLevel
automation/opcua_server/access.py	94	wire	AccessLevel
automation/opcua_server/access.py	95	wire	AccessLevel
automation/opcua_server/access.py	95	wire	UserAccessLevel
automation/opcua_server/access.py	96	wire	AccessLevel
automation/opcua_server/access.py	96	wire	UserAccessLevel
automation/opcua_server/access.py	98	wire	AccessLevel
automation/opcua_server/access.py	99	wire	AccessLevel
automation/opcua_server/access.py	99	wire	UserAccessLevel
automation/opcua_server/lifecycle.py	79	wire	access_type
automation/opcua_server/lifecycle.py	80	wire	AccessLevel
automation/opcua_server/lifecycle.py	84	wire	access_type
automation/opcua_server/lifecycle.py	85	wire	access_type
automation/opcua_server/async_core/handlers.py	107	wire	access_type
automation/opcua_server/async_core/handlers.py	120	wire	access_type
automation/opcua_server/docs/COMPLEXITY.md	9	wire	AccessType
automation/hmi/assets/index-B4SW6B19.js	138	codigo	access_type
automation/hmi/assets/index-B4SW6B19.js	139	codigo	access_type
automation/hmi/assets/index-B4SW6B19.js	141	codigo	access_type
automation/modules/settings/resources/settings.py	188	API	AccessType
automation/modules/opcua/resources/server.py	24	API	access_type
automation/modules/opcua/resources/server.py	47	API	access_type
automation/modules/opcua/resources/server.py	75	API	access_type
automation/modules/opcua/resources/server.py	79	API	access_type
automation/modules/opcua/resources/server.py	89	API	access_type
automation/modules/opcua/resources/server.py	97	API	access_type
automation/modules/opcua/resources/server.py	99	API	access_type
automation/modules/opcua/resources/server.py	102	API	access_type
automation/modules/opcua/resources/server.py	104	API	access_type
automation/modules/opcua/resources/server.py	110	API	access_type
automation/modules/opcua/resources/server.py	118	API	access_type
automation/opcua/asyncua_client/handlers.py	46	wire	AccessLevel
automation/opcua/asyncua_client/handlers.py	47	wire	UserAccessLevel
automation/opcua/asyncua_client/handlers.py	151	wire	AccessLevel
automation/opcua/asyncua_client/handlers.py	152	wire	UserAccessLevel
automation/pages/components/opcua_server.py	19	API	access_type
automation/pages/components/opcua_server.py	28	API	access_type
automation/pages/callbacks/opcua_server.py	36	API	access_level
automation/pages/callbacks/opcua_server.py	38	API	AccessLevel
automation/pages/callbacks/opcua_server.py	38	API	access_level
automation/pages/callbacks/opcua_server.py	39	API	AccessLevel
automation/pages/callbacks/opcua_server.py	39	API	access_level
automation/pages/callbacks/opcua_server.py	40	API	access_type
automation/pages/callbacks/opcua_server.py	43	API	access_type
automation/pages/callbacks/opcua_server.py	47	API	access_type
automation/pages/callbacks/opcua_server.py	52	API	access_type
automation/pages/callbacks/opcua_server.py	60	API	access_level
automation/pages/callbacks/opcua_server.py	62	API	AccessLevel
automation/pages/callbacks/opcua_server.py	62	API	access_level
automation/pages/callbacks/opcua_server.py	63	API	AccessLevel
automation/pages/callbacks/opcua_server.py	63	API	access_level
automation/pages/callbacks/opcua_server.py	64	API	access_type
automation/pages/callbacks/opcua_server.py	67	API	access_type
automation/pages/callbacks/opcua_server.py	71	API	access_type
automation/pages/callbacks/opcua_server.py	76	API	access_type
automation/pages/callbacks/opcua_server.py	122	API	access_type
automation/pages/callbacks/opcua_server.py	161	API	access_type
automation/pages/callbacks/opcua_server.py	199	API	access_type
automation/pages/callbacks/opcua_server.py	201	API	access_type
automation/pages/callbacks/opcua_server.py	202	API	access_type
automation/pages/callbacks/opcua_server.py	204	API	AccessLevel
automation/pages/callbacks/opcua_server.py	205	API	AccessLevel
automation/pages/callbacks/opcua_server.py	206	API	AccessLevel
automation/pages/callbacks/opcua_server.py	206	API	UserAccessLevel
automation/pages/callbacks/opcua_server.py	207	API	AccessLevel
automation/pages/callbacks/opcua_server.py	207	API	UserAccessLevel
automation/pages/callbacks/opcua_server.py	217	API	access_type
automation/pages/callbacks/opcua_server.py	219	API	AccessLevel
automation/pages/callbacks/opcua_server.py	220	API	AccessLevel
automation/pages/callbacks/opcua_server.py	220	API	UserAccessLevel
automation/pages/callbacks/opcua_server.py	224	API	access_type
automation/pages/callbacks/opcua_server.py	226	API	AccessLevel
automation/pages/callbacks/opcua_server.py	227	API	AccessLevel
automation/pages/callbacks/opcua_server.py	227	API	UserAccessLevel
automation/pages/callbacks/opcua_server.py	228	API	access_type
automation/pages/callbacks/opcua_server.py	230	API	AccessLevel
automation/pages/callbacks/opcua_server.py	231	API	AccessLevel
automation/pages/callbacks/opcua_server.py	232	API	AccessLevel
automation/pages/callbacks/opcua_server.py	232	API	UserAccessLevel
automation/pages/callbacks/opcua_server.py	233	API	AccessLevel
automation/pages/callbacks/opcua_server.py	233	API	UserAccessLevel
automation/logger/opcua_server.py	26	wire	access_type
automation/logger/opcua_server.py	35	wire	access_type
automation/logger/opcua_server.py	42	wire	access_type
automation/logger/opcua_server.py	55	wire	access_type
automation/logger/opcua_server.py	66	wire	access_type
automation/logger/opcua_server.py	79	wire	access_type
automation/logger/opcua_server.py	87	wire	access_type
automation/logger/opcua_server.py	98	wire	access_type
automation/logger/opcua_server.py	108	wire	access_type
automation/logger/opcua_server.py	110	wire	access_type
automation/logger/opcua_server.py	171	wire	AccessType
automation/logger/opcua_server.py	192	wire	access_type
automation/logger/opcua_server.py	202	wire	access_type
automation/logger/opcua_server.py	209	wire	access_type
automation/logger/opcua_server.py	218	wire	access_type
automation/managers/db.py	47	codigo	AccessType
automation/managers/db.py	105	codigo	AccessType
automation/tests/test_opcua_serialization.py	52	tests	access_type
automation/tests/test_opcua_serialization.py	56	tests	access_type
automation/tests/test_opcua_serialization.py	57	tests	access_type
automation/tests/test_catalog_sqlite.py	588	tests	access_type
automation/tests/test_catalog_sqlite.py	589	tests	access_type
automation/tests/test_catalog_sqlite.py	591	tests	access_type
automation/tests/test_opcua_server_dynamic_tags.py	15	tests	access_type
automation/tests/test_opcua_server_dynamic_tags.py	16	tests	access_type
automation/tests/test_opcua_server_dynamic_tags.py	24	tests	access_type
automation/tests/test_opcua_server_dynamic_tags.py	25	tests	access_type
automation/tests/test_opcua_server_dynamic_tags.py	32	tests	access_type
automation/dbmodels/__init__.py	25	BD	AccessType
automation/dbmodels/opcua_server.py	4	BD	AccessType
automation/dbmodels/opcua_server.py	22	BD	AccessType
automation/dbmodels/opcua_server.py	79	BD	AccessType
automation/dbmodels/opcua_server.py	79	BD	access_type
automation/dbmodels/opcua_server.py	82	BD	access_type
automation/dbmodels/opcua_server.py	90	BD	access_type
automation/dbmodels/opcua_server.py	100	BD	AccessType
automation/dbmodels/opcua_server.py	100	BD	access_type
automation/dbmodels/opcua_server.py	101	BD	AccessType
automation/dbmodels/opcua_server.py	101	BD	access_type
automation/dbmodels/opcua_server.py	103	BD	AccessType
automation/dbmodels/opcua_server.py	103	BD	access_type
automation/dbmodels/opcua_server.py	110	BD	access_type
automation/dbmodels/opcua_server.py	176	BD	access_type
automation/dbmodels/opcua_server.py	183	BD	access_type
automation/dbmodels/opcua_server.py	189	BD	AccessType
automation/dbmodels/opcua_server.py	189	BD	access_type
automation/dbmodels/opcua_server.py	190	BD	AccessType
automation/dbmodels/opcua_server.py	190	BD	access_type
automation/dbmodels/opcua_server.py	192	BD	AccessType
automation/dbmodels/opcua_server.py	192	BD	access_type
automation/dbmodels/opcua_server.py	196	BD	access_type
automation/dbmodels/opcua_server.py	204	BD	access_type
automation/dbmodels/opcua_server.py	208	BD	access_type
automation/dbmodels/opcua_server.py	219	BD	access_type
audits/AUDIT_TAGS.md	868	docs	access_type
docs/resumen-auditoria-industrial-pyautomation.md	261	docs	AccessType
docs/resumen-auditoria-industrial-pyautomation.md	279	docs	access_type
docs/Developments_Guide/API/settings.md	59	docs	AccessType
docs/Developments_Guide/API/settings.md	155	docs	AccessType
docs/Developments_Guide/API/settings.md	156	docs	AccessType
docs/Developments_Guide/API/db_models/index.md	30	docs	AccessType
docs/Developments_Guide/API/db_models/index.md	196	docs	AccessType
docs/Developments_Guide/API/db_models/opcua.md	22	docs	AccessType
docs/Users_Guide/Settings/index.md	145	docs	AccessType
docs/Users_Guide/Settings/index.md	229	docs	AccessType
docs/Users_Guide/Settings/index.md	265	docs	AccessType
docs/Users_Guide/Settings/index.md	266	docs	AccessType